<?xml version="1.0" encoding="UTF-8"?>
<project-private xmlns="http://www.netbeans.org/ns/project-private/1">
    <editor-bookmarks xmlns="http://www.netbeans.org/ns/editor-bookmarks/2" lastBookmarkId="0"/>
    <open-files xmlns="http://www.netbeans.org/ns/projectui-open-files/2">
        <group>
            <file>file:/L:/CSSE3/6COM1037%20-%20Object%20Oriented%20Development/Assignments/Assingment%202/core-students/src/core/Tournament.java</file>
            <file>file:/L:/CSSE3/6COM1037%20-%20Object%20Oriented%20Development/Assignments/Assingment%202/core-students/src/core/CORE.java</file>
            <file>file:/L:/CSSE3/6COM1037%20-%20Object%20Oriented%20Development/Assignments/Assingment%202/core-students/src/core/Teamwork.java</file>
            <file>file:/L:/CSSE3/6COM1037%20-%20Object%20Oriented%20Development/Assignments/Assingment%202/core-students/src/core/Dragon.java</file>
            <file>file:/L:/CSSE3/6COM1037%20-%20Object%20Oriented%20Development/Assignments/Assingment%202/core-students/src/core/GameUI.java</file>
            <file>file:/L:/CSSE3/6COM1037%20-%20Object%20Oriented%20Development/Assignments/Assingment%202/core-students/src/core/Champion.java</file>
        </group>
    </open-files>
</project-private>
